<?xml version="1.0" encoding="utf-8" ?>
<configuration>
    <dataSource>
        <property name="driverClass" value="com.mysql.cj.jdbc.Driver"></property>
        <property name="url"
                  value="jdbc:mysql://localhost:3306/test?useAffectedRows=true&amp;allowMultiQueries=true&amp;allowPublicKeyRetrieval=true&amp;useSSL=false&amp;useUnicode=true&amp;characterEncoding=UTF-8&amp;serverTimezone=Asia/Shanghai"></property>
        <property name="username" value="root"></property>
        <property name="password" value="Test!@#$%"></property>
    </dataSource>
    <mapper resource="UserMapper.xml"></mapper>
</configuration>