<?xml version="1.0" encoding="utf-8" ?>
<mapper namespace="com.dao.IUserDao">
    <select id="getUserList" resultType="com.entity.User">
        select * from user
    </select>

    <select id="getUserByName" parameterType="com.entity.User" resultType="com.entity.User">
        select * from user where name= #{name}
    </select>

    <delete id="deleteById" parameterType="com.entity.User">
        delete from user where id=#{id}
    </delete>

    <update id="updateById" parameterType="com.entity.User">
        update user set name= #{name} where id= #{id}
    </update>

    <insert id="saveUser" parameterType="com.entity.User">
        INSERT INTO user VALUES ( #{id}, #{name});
    </insert>
</mapper>